Material,Plant,Storage Location,Movement Type,Posting Date,Qty in unit of entry,Amount in Local Currency,Material Document,Cost Center,User Name
UAT-0001,P100,0002,201,2025-01-10,-14,-119,4900000001,CC-P100,UAT.PLANNER1
UAT-0001,P100,0002,101,2025-01-03,19,161.5,4900000002,,UAT.STORES1
UAT-0001,P100,0002,201,2025-02-10,-14,-119,4900000003,CC-P100,UAT.PLANNER1
UAT-0001,P100,0002,201,2025-03-10,-14,-119,4900000004,CC-P100,UAT.PLANNER1
UAT-0001,P100,0002,101,2025-03-03,19,161.5,4900000005,,UAT.STORES1
UAT-0001,P100,0002,201,2025-04-10,-14,-119,4900000006,CC-P100,UAT.PLANNER1
UAT-0001,P100,0002,201,2025-05-10,-14,-119,4900000007,CC-P100,UAT.PLANNER1
UAT-0001,P100,0002,101,2025-05-03,19,161.5,4900000008,,UAT.STORES1
UAT-0001,P100,0002,201,2025-06-10,-14,-119,4900000009,CC-P100,UAT.PLANNER1
UAT-0001,P100,0002,201,2025-07-10,-14,-119,4900000010,CC-P100,UAT.PLANNER1
UAT-0001,P100,0002,101,2025-07-03,19,161.5,4900000011,,UAT.STORES1
UAT-0001,P100,0002,201,2025-08-10,-14,-119,4900000012,CC-P100,UAT.PLANNER1
UAT-0001,P100,0002,201,2025-09-10,-14,-119,4900000013,CC-P100,UAT.PLANNER1
UAT-0001,P100,0002,101,2025-09-03,19,161.5,4900000014,,UAT.STORES1
UAT-0001,P100,0002,201,2025-10-10,-14,-119,4900000015,CC-P100,UAT.PLANNER1
UAT-0001,P100,0002,201,2025-11-10,-14,-119,4900000016,CC-P100,UAT.PLANNER1
UAT-0001,P100,0002,101,2025-11-03,19,161.5,4900000017,,UAT.STORES1
UAT-0001,P100,0002,201,2025-12-10,-14,-119,4900000018,CC-P100,UAT.PLANNER1
UAT-0001,P100,0002,201,2026-01-10,-14,-119,4900000019,CC-P100,UAT.PLANNER1
UAT-0001,P100,0002,101,2026-01-03,19,161.5,4900000020,,UAT.STORES1
UAT-0001,P100,0002,201,2026-02-10,-14,-119,4900000021,CC-P100,UAT.PLANNER1
UAT-0001,P100,0002,201,2026-03-10,-14,-119,4900000022,CC-P100,UAT.PLANNER1
UAT-0001,P100,0002,101,2026-03-03,19,161.5,4900000023,,UAT.STORES1
UAT-0001,P100,0002,201,2026-04-10,-14,-119,4900000024,CC-P100,UAT.PLANNER1
UAT-0001,P100,0002,201,2026-05-10,-14,-119,4900000025,CC-P100,UAT.PLANNER1
UAT-0001,P100,0002,101,2026-05-03,19,161.5,4900000026,,UAT.STORES1
UAT-0001,P100,0002,201,2026-06-10,-14,-119,4900000027,CC-P100,UAT.PLANNER1
UAT-0002,P100,0003,201,2025-01-10,-18,-216,4900000028,CC-P100,UAT.PLANNER1
UAT-0002,P100,0003,101,2025-01-03,23,276,4900000029,,UAT.STORES1
UAT-0002,P100,0003,201,2025-02-10,-18,-216,4900000030,CC-P100,UAT.PLANNER1
UAT-0002,P100,0003,201,2025-03-10,-18,-216,4900000031,CC-P100,UAT.PLANNER1
UAT-0002,P100,0003,101,2025-03-03,23,276,4900000032,,UAT.STORES1
UAT-0002,P100,0003,201,2025-04-10,-18,-216,4900000033,CC-P100,UAT.PLANNER1
UAT-0002,P100,0003,201,2025-05-10,-18,-216,4900000034,CC-P100,UAT.PLANNER1
UAT-0002,P100,0003,101,2025-05-03,23,276,4900000035,,UAT.STORES1
UAT-0002,P100,0003,201,2025-06-10,-18,-216,4900000036,CC-P100,UAT.PLANNER1
UAT-0002,P100,0003,201,2025-07-10,-18,-216,4900000037,CC-P100,UAT.PLANNER1
UAT-0002,P100,0003,101,2025-07-03,23,276,4900000038,,UAT.STORES1
UAT-0002,P100,0003,201,2025-08-10,-18,-216,4900000039,CC-P100,UAT.PLANNER1
UAT-0002,P100,0003,201,2025-09-10,-18,-216,4900000040,CC-P100,UAT.PLANNER1
UAT-0002,P100,0003,101,2025-09-03,23,276,4900000041,,UAT.STORES1
UAT-0002,P100,0003,201,2025-10-10,-18,-216,4900000042,CC-P100,UAT.PLANNER1
UAT-0002,P100,0003,201,2025-11-10,-18,-216,4900000043,CC-P100,UAT.PLANNER1
UAT-0002,P100,0003,101,2025-11-03,23,276,4900000044,,UAT.STORES1
UAT-0002,P100,0003,201,2025-12-10,-18,-216,4900000045,CC-P100,UAT.PLANNER1
UAT-0002,P100,0003,201,2026-01-10,-18,-216,4900000046,CC-P100,UAT.PLANNER1
UAT-0002,P100,0003,101,2026-01-03,23,276,4900000047,,UAT.STORES1
UAT-0002,P100,0003,201,2026-02-10,-18,-216,4900000048,CC-P100,UAT.PLANNER1
UAT-0002,P100,0003,201,2026-03-10,-18,-216,4900000049,CC-P100,UAT.PLANNER1
UAT-0002,P100,0003,101,2026-03-03,23,276,4900000050,,UAT.STORES1
UAT-0002,P100,0003,201,2026-04-10,-18,-216,4900000051,CC-P100,UAT.PLANNER1
UAT-0002,P100,0003,201,2026-05-10,-18,-216,4900000052,CC-P100,UAT.PLANNER1
UAT-0002,P100,0003,101,2026-05-03,23,276,4900000053,,UAT.STORES1
UAT-0002,P100,0003,201,2026-06-10,-18,-216,4900000054,CC-P100,UAT.PLANNER1
UAT-0003,P100,0001,201,2025-01-10,-22,-341,4900000055,CC-P100,UAT.PLANNER1
UAT-0003,P100,0001,101,2025-01-03,27,418.5,4900000056,,UAT.STORES1
UAT-0003,P100,0001,201,2025-02-10,-22,-341,4900000057,CC-P100,UAT.PLANNER1
UAT-0003,P100,0001,201,2025-03-10,-22,-341,4900000058,CC-P100,UAT.PLANNER1
UAT-0003,P100,0001,101,2025-03-03,27,418.5,4900000059,,UAT.STORES1
UAT-0003,P100,0001,201,2025-04-10,-22,-341,4900000060,CC-P100,UAT.PLANNER1
UAT-0003,P100,0001,201,2025-05-10,-22,-341,4900000061,CC-P100,UAT.PLANNER1
UAT-0003,P100,0001,101,2025-05-03,27,418.5,4900000062,,UAT.STORES1
UAT-0003,P100,0001,201,2025-06-10,-22,-341,4900000063,CC-P100,UAT.PLANNER1
UAT-0003,P100,0001,201,2025-07-10,-22,-341,4900000064,CC-P100,UAT.PLANNER1
UAT-0003,P100,0001,101,2025-07-03,27,418.5,4900000065,,UAT.STORES1
UAT-0003,P100,0001,201,2025-08-10,-22,-341,4900000066,CC-P100,UAT.PLANNER1
UAT-0003,P100,0001,201,2025-09-10,-22,-341,4900000067,CC-P100,UAT.PLANNER1
UAT-0003,P100,0001,101,2025-09-03,27,418.5,4900000068,,UAT.STORES1
UAT-0003,P100,0001,201,2025-10-10,-22,-341,4900000069,CC-P100,UAT.PLANNER1
UAT-0003,P100,0001,201,2025-11-10,-22,-341,4900000070,CC-P100,UAT.PLANNER1
UAT-0003,P100,0001,101,2025-11-03,27,418.5,4900000071,,UAT.STORES1
UAT-0003,P100,0001,201,2025-12-10,-22,-341,4900000072,CC-P100,UAT.PLANNER1
UAT-0003,P100,0001,201,2026-01-10,-22,-341,4900000073,CC-P100,UAT.PLANNER1
UAT-0003,P100,0001,101,2026-01-03,27,418.5,4900000074,,UAT.STORES1
UAT-0003,P100,0001,201,2026-02-10,-22,-341,4900000075,CC-P100,UAT.PLANNER1
UAT-0003,P100,0001,201,2026-03-10,-22,-341,4900000076,CC-P100,UAT.PLANNER1
UAT-0003,P100,0001,101,2026-03-03,27,418.5,4900000077,,UAT.STORES1
UAT-0003,P100,0001,201,2026-04-10,-22,-341,4900000078,CC-P100,UAT.PLANNER1
UAT-0003,P100,0001,201,2026-05-10,-22,-341,4900000079,CC-P100,UAT.PLANNER1
UAT-0003,P100,0001,101,2026-05-03,27,418.5,4900000080,,UAT.STORES1
UAT-0003,P100,0001,201,2026-06-10,-22,-341,4900000081,CC-P100,UAT.PLANNER1
UAT-0004,P100,0002,201,2025-01-10,-26,-494,4900000082,CC-P100,UAT.PLANNER1
UAT-0004,P100,0002,101,2025-01-03,31,589,4900000083,,UAT.STORES1
UAT-0004,P100,0002,201,2025-02-10,-26,-494,4900000084,CC-P100,UAT.PLANNER1
UAT-0004,P100,0002,201,2025-03-10,-26,-494,4900000085,CC-P100,UAT.PLANNER1
UAT-0004,P100,0002,101,2025-03-03,31,589,4900000086,,UAT.STORES1
UAT-0004,P100,0002,201,2025-04-10,-26,-494,4900000087,CC-P100,UAT.PLANNER1
UAT-0004,P100,0002,201,2025-05-10,-26,-494,4900000088,CC-P100,UAT.PLANNER1
UAT-0004,P100,0002,101,2025-05-03,31,589,4900000089,,UAT.STORES1
UAT-0004,P100,0002,201,2025-06-10,-26,-494,4900000090,CC-P100,UAT.PLANNER1
UAT-0004,P100,0002,201,2025-07-10,-26,-494,4900000091,CC-P100,UAT.PLANNER1
UAT-0004,P100,0002,101,2025-07-03,31,589,4900000092,,UAT.STORES1
UAT-0004,P100,0002,201,2025-08-10,-26,-494,4900000093,CC-P100,UAT.PLANNER1
UAT-0004,P100,0002,201,2025-09-10,-26,-494,4900000094,CC-P100,UAT.PLANNER1
UAT-0004,P100,0002,101,2025-09-03,31,589,4900000095,,UAT.STORES1
UAT-0004,P100,0002,201,2025-10-10,-26,-494,4900000096,CC-P100,UAT.PLANNER1
UAT-0004,P100,0002,201,2025-11-10,-26,-494,4900000097,CC-P100,UAT.PLANNER1
UAT-0004,P100,0002,101,2025-11-03,31,589,4900000098,,UAT.STORES1
UAT-0004,P100,0002,201,2025-12-10,-26,-494,4900000099,CC-P100,UAT.PLANNER1
UAT-0004,P100,0002,201,2026-01-10,-26,-494,4900000100,CC-P100,UAT.PLANNER1
UAT-0004,P100,0002,101,2026-01-03,31,589,4900000101,,UAT.STORES1
UAT-0004,P100,0002,201,2026-02-10,-26,-494,4900000102,CC-P100,UAT.PLANNER1
UAT-0004,P100,0002,201,2026-03-10,-26,-494,4900000103,CC-P100,UAT.PLANNER1
UAT-0004,P100,0002,101,2026-03-03,31,589,4900000104,,UAT.STORES1
UAT-0004,P100,0002,201,2026-04-10,-26,-494,4900000105,CC-P100,UAT.PLANNER1
UAT-0004,P100,0002,201,2026-05-10,-26,-494,4900000106,CC-P100,UAT.PLANNER1
UAT-0004,P100,0002,101,2026-05-03,31,589,4900000107,,UAT.STORES1
UAT-0004,P100,0002,201,2026-06-10,-26,-494,4900000108,CC-P100,UAT.PLANNER1
UAT-0005,P100,0003,201,2025-01-10,-10,-225,4900000109,CC-P100,UAT.PLANNER1
UAT-0005,P100,0003,101,2025-01-03,15,337.5,4900000110,,UAT.STORES1
UAT-0005,P100,0003,201,2025-02-10,-10,-225,4900000111,CC-P100,UAT.PLANNER1
UAT-0005,P100,0003,201,2025-03-10,-10,-225,4900000112,CC-P100,UAT.PLANNER1
UAT-0005,P100,0003,101,2025-03-03,15,337.5,4900000113,,UAT.STORES1
UAT-0005,P100,0003,201,2025-04-10,-10,-225,4900000114,CC-P100,UAT.PLANNER1
UAT-0005,P100,0003,201,2025-05-10,-10,-225,4900000115,CC-P100,UAT.PLANNER1
UAT-0005,P100,0003,101,2025-05-03,15,337.5,4900000116,,UAT.STORES1
UAT-0005,P100,0003,201,2025-06-10,-10,-225,4900000117,CC-P100,UAT.PLANNER1
UAT-0005,P100,0003,201,2025-07-10,-10,-225,4900000118,CC-P100,UAT.PLANNER1
UAT-0005,P100,0003,101,2025-07-03,15,337.5,4900000119,,UAT.STORES1
UAT-0005,P100,0003,201,2025-08-10,-10,-225,4900000120,CC-P100,UAT.PLANNER1
UAT-0005,P100,0003,201,2025-09-10,-10,-225,4900000121,CC-P100,UAT.PLANNER1
UAT-0005,P100,0003,101,2025-09-03,15,337.5,4900000122,,UAT.STORES1
UAT-0005,P100,0003,201,2025-10-10,-10,-225,4900000123,CC-P100,UAT.PLANNER1
UAT-0005,P100,0003,201,2025-11-10,-10,-225,4900000124,CC-P100,UAT.PLANNER1
UAT-0005,P100,0003,101,2025-11-03,15,337.5,4900000125,,UAT.STORES1
UAT-0005,P100,0003,201,2025-12-10,-10,-225,4900000126,CC-P100,UAT.PLANNER1
UAT-0005,P100,0003,201,2026-01-10,-10,-225,4900000127,CC-P100,UAT.PLANNER1
UAT-0005,P100,0003,101,2026-01-03,15,337.5,4900000128,,UAT.STORES1
UAT-0005,P100,0003,201,2026-02-10,-10,-225,4900000129,CC-P100,UAT.PLANNER1
UAT-0005,P100,0003,201,2026-03-10,-10,-225,4900000130,CC-P100,UAT.PLANNER1
UAT-0005,P100,0003,101,2026-03-03,15,337.5,4900000131,,UAT.STORES1
UAT-0005,P100,0003,201,2026-04-10,-10,-225,4900000132,CC-P100,UAT.PLANNER1
UAT-0005,P100,0003,201,2026-05-10,-10,-225,4900000133,CC-P100,UAT.PLANNER1
UAT-0005,P100,0003,101,2026-05-03,15,337.5,4900000134,,UAT.STORES1
UAT-0005,P100,0003,201,2026-06-10,-10,-225,4900000135,CC-P100,UAT.PLANNER1
UAT-0006,P100,0001,201,2025-01-10,-14,-364,4900000136,CC-P100,UAT.PLANNER1
UAT-0006,P100,0001,101,2025-01-03,19,494,4900000137,,UAT.STORES1
UAT-0006,P100,0001,201,2025-02-10,-14,-364,4900000138,CC-P100,UAT.PLANNER1
UAT-0006,P100,0001,201,2025-03-10,-14,-364,4900000139,CC-P100,UAT.PLANNER1
UAT-0006,P100,0001,101,2025-03-03,19,494,4900000140,,UAT.STORES1
UAT-0006,P100,0001,201,2025-04-10,-14,-364,4900000141,CC-P100,UAT.PLANNER1
UAT-0006,P100,0001,201,2025-05-10,-14,-364,4900000142,CC-P100,UAT.PLANNER1
UAT-0006,P100,0001,101,2025-05-03,19,494,4900000143,,UAT.STORES1
UAT-0006,P100,0001,201,2025-06-10,-14,-364,4900000144,CC-P100,UAT.PLANNER1
UAT-0006,P100,0001,201,2025-07-10,-14,-364,4900000145,CC-P100,UAT.PLANNER1
UAT-0006,P100,0001,101,2025-07-03,19,494,4900000146,,UAT.STORES1
UAT-0006,P100,0001,201,2025-08-10,-14,-364,4900000147,CC-P100,UAT.PLANNER1
UAT-0006,P100,0001,201,2025-09-10,-14,-364,4900000148,CC-P100,UAT.PLANNER1
UAT-0006,P100,0001,101,2025-09-03,19,494,4900000149,,UAT.STORES1
UAT-0006,P100,0001,201,2025-10-10,-14,-364,4900000150,CC-P100,UAT.PLANNER1
UAT-0006,P100,0001,201,2025-11-10,-14,-364,4900000151,CC-P100,UAT.PLANNER1
UAT-0006,P100,0001,101,2025-11-03,19,494,4900000152,,UAT.STORES1
UAT-0006,P100,0001,201,2025-12-10,-14,-364,4900000153,CC-P100,UAT.PLANNER1
UAT-0006,P100,0001,201,2026-01-10,-14,-364,4900000154,CC-P100,UAT.PLANNER1
UAT-0006,P100,0001,101,2026-01-03,19,494,4900000155,,UAT.STORES1
UAT-0006,P100,0001,201,2026-02-10,-14,-364,4900000156,CC-P100,UAT.PLANNER1
UAT-0006,P100,0001,201,2026-03-10,-14,-364,4900000157,CC-P100,UAT.PLANNER1
UAT-0006,P100,0001,101,2026-03-03,19,494,4900000158,,UAT.STORES1
UAT-0006,P100,0001,201,2026-04-10,-14,-364,4900000159,CC-P100,UAT.PLANNER1
UAT-0006,P100,0001,201,2026-05-10,-14,-364,4900000160,CC-P100,UAT.PLANNER1
UAT-0006,P100,0001,101,2026-05-03,19,494,4900000161,,UAT.STORES1
UAT-0006,P100,0001,201,2026-06-10,-14,-364,4900000162,CC-P100,UAT.PLANNER1
UAT-0007,P100,0002,201,2025-01-10,-18,-531,4900000163,CC-P100,UAT.PLANNER1
UAT-0007,P100,0002,101,2025-01-03,23,678.5,4900000164,,UAT.STORES1
UAT-0007,P100,0002,201,2025-02-10,-18,-531,4900000165,CC-P100,UAT.PLANNER1
UAT-0007,P100,0002,201,2025-03-10,-18,-531,4900000166,CC-P100,UAT.PLANNER1
UAT-0007,P100,0002,101,2025-03-03,23,678.5,4900000167,,UAT.STORES1
UAT-0007,P100,0002,201,2025-04-10,-18,-531,4900000168,CC-P100,UAT.PLANNER1
UAT-0007,P100,0002,201,2025-05-10,-18,-531,4900000169,CC-P100,UAT.PLANNER1
UAT-0007,P100,0002,101,2025-05-03,23,678.5,4900000170,,UAT.STORES1
UAT-0007,P100,0002,201,2025-06-10,-18,-531,4900000171,CC-P100,UAT.PLANNER1
UAT-0007,P100,0002,201,2025-07-10,-18,-531,4900000172,CC-P100,UAT.PLANNER1
UAT-0007,P100,0002,101,2025-07-03,23,678.5,4900000173,,UAT.STORES1
UAT-0007,P100,0002,201,2025-08-10,-18,-531,4900000174,CC-P100,UAT.PLANNER1
UAT-0007,P100,0002,201,2025-09-10,-18,-531,4900000175,CC-P100,UAT.PLANNER1
UAT-0007,P100,0002,101,2025-09-03,23,678.5,4900000176,,UAT.STORES1
UAT-0007,P100,0002,201,2025-10-10,-18,-531,4900000177,CC-P100,UAT.PLANNER1
UAT-0007,P100,0002,201,2025-11-10,-18,-531,4900000178,CC-P100,UAT.PLANNER1
UAT-0007,P100,0002,101,2025-11-03,23,678.5,4900000179,,UAT.STORES1
UAT-0007,P100,0002,201,2025-12-10,-18,-531,4900000180,CC-P100,UAT.PLANNER1
UAT-0007,P100,0002,201,2026-01-10,-18,-531,4900000181,CC-P100,UAT.PLANNER1
UAT-0007,P100,0002,101,2026-01-03,23,678.5,4900000182,,UAT.STORES1
UAT-0007,P100,0002,201,2026-02-10,-18,-531,4900000183,CC-P100,UAT.PLANNER1
UAT-0007,P100,0002,201,2026-03-10,-18,-531,4900000184,CC-P100,UAT.PLANNER1
UAT-0007,P100,0002,101,2026-03-03,23,678.5,4900000185,,UAT.STORES1
UAT-0007,P100,0002,201,2026-04-10,-18,-531,4900000186,CC-P100,UAT.PLANNER1
UAT-0007,P100,0002,201,2026-05-10,-18,-531,4900000187,CC-P100,UAT.PLANNER1
UAT-0007,P100,0002,101,2026-05-03,23,678.5,4900000188,,UAT.STORES1
UAT-0007,P100,0002,201,2026-06-10,-18,-531,4900000189,CC-P100,UAT.PLANNER1
UAT-0008,P100,0003,201,2025-01-10,-22,-726,4900000190,CC-P100,UAT.PLANNER1
UAT-0008,P100,0003,101,2025-01-03,27,891,4900000191,,UAT.STORES1
UAT-0008,P100,0003,201,2025-02-10,-22,-726,4900000192,CC-P100,UAT.PLANNER1
UAT-0008,P100,0003,201,2025-03-10,-22,-726,4900000193,CC-P100,UAT.PLANNER1
UAT-0008,P100,0003,101,2025-03-03,27,891,4900000194,,UAT.STORES1
UAT-0008,P100,0003,201,2025-04-10,-22,-726,4900000195,CC-P100,UAT.PLANNER1
UAT-0008,P100,0003,201,2025-05-10,-22,-726,4900000196,CC-P100,UAT.PLANNER1
UAT-0008,P100,0003,101,2025-05-03,27,891,4900000197,,UAT.STORES1
UAT-0008,P100,0003,201,2025-06-10,-22,-726,4900000198,CC-P100,UAT.PLANNER1
UAT-0008,P100,0003,201,2025-07-10,-22,-726,4900000199,CC-P100,UAT.PLANNER1
UAT-0008,P100,0003,101,2025-07-03,27,891,4900000200,,UAT.STORES1
UAT-0008,P100,0003,201,2025-08-10,-22,-726,4900000201,CC-P100,UAT.PLANNER1
UAT-0008,P100,0003,201,2025-09-10,-22,-726,4900000202,CC-P100,UAT.PLANNER1
UAT-0008,P100,0003,101,2025-09-03,27,891,4900000203,,UAT.STORES1
UAT-0008,P100,0003,201,2025-10-10,-22,-726,4900000204,CC-P100,UAT.PLANNER1
UAT-0008,P100,0003,201,2025-11-10,-22,-726,4900000205,CC-P100,UAT.PLANNER1
UAT-0008,P100,0003,101,2025-11-03,27,891,4900000206,,UAT.STORES1
UAT-0008,P100,0003,201,2025-12-10,-22,-726,4900000207,CC-P100,UAT.PLANNER1
UAT-0008,P100,0003,201,2026-01-10,-22,-726,4900000208,CC-P100,UAT.PLANNER1
UAT-0008,P100,0003,101,2026-01-03,27,891,4900000209,,UAT.STORES1
UAT-0008,P100,0003,201,2026-02-10,-22,-726,4900000210,CC-P100,UAT.PLANNER1
UAT-0008,P100,0003,201,2026-03-10,-22,-726,4900000211,CC-P100,UAT.PLANNER1
UAT-0008,P100,0003,101,2026-03-03,27,891,4900000212,,UAT.STORES1
UAT-0008,P100,0003,201,2026-04-10,-22,-726,4900000213,CC-P100,UAT.PLANNER1
UAT-0008,P100,0003,201,2026-05-10,-22,-726,4900000214,CC-P100,UAT.PLANNER1
UAT-0008,P100,0003,101,2026-05-03,27,891,4900000215,,UAT.STORES1
UAT-0008,P100,0003,201,2026-06-10,-22,-726,4900000216,CC-P100,UAT.PLANNER1
UAT-0009,P100,0001,201,2025-01-10,-26,-949,4900000217,CC-P100,UAT.PLANNER1
UAT-0009,P100,0001,101,2025-01-03,31,1131.5,4900000218,,UAT.STORES1
UAT-0009,P100,0001,201,2025-02-10,-26,-949,4900000219,CC-P100,UAT.PLANNER1
UAT-0009,P100,0001,201,2025-03-10,-26,-949,4900000220,CC-P100,UAT.PLANNER1
UAT-0009,P100,0001,101,2025-03-03,31,1131.5,4900000221,,UAT.STORES1
UAT-0009,P100,0001,201,2025-04-10,-26,-949,4900000222,CC-P100,UAT.PLANNER1
UAT-0009,P100,0001,201,2025-05-10,-26,-949,4900000223,CC-P100,UAT.PLANNER1
UAT-0009,P100,0001,101,2025-05-03,31,1131.5,4900000224,,UAT.STORES1
UAT-0009,P100,0001,201,2025-06-10,-26,-949,4900000225,CC-P100,UAT.PLANNER1
UAT-0009,P100,0001,201,2025-07-10,-26,-949,4900000226,CC-P100,UAT.PLANNER1
UAT-0009,P100,0001,101,2025-07-03,31,1131.5,4900000227,,UAT.STORES1
UAT-0009,P100,0001,201,2025-08-10,-26,-949,4900000228,CC-P100,UAT.PLANNER1
UAT-0009,P100,0001,201,2025-09-10,-26,-949,4900000229,CC-P100,UAT.PLANNER1
UAT-0009,P100,0001,101,2025-09-03,31,1131.5,4900000230,,UAT.STORES1
UAT-0009,P100,0001,201,2025-10-10,-26,-949,4900000231,CC-P100,UAT.PLANNER1
UAT-0009,P100,0001,201,2025-11-10,-26,-949,4900000232,CC-P100,UAT.PLANNER1
UAT-0009,P100,0001,101,2025-11-03,31,1131.5,4900000233,,UAT.STORES1
UAT-0009,P100,0001,201,2025-12-10,-26,-949,4900000234,CC-P100,UAT.PLANNER1
UAT-0009,P100,0001,201,2026-01-10,-26,-949,4900000235,CC-P100,UAT.PLANNER1
UAT-0009,P100,0001,101,2026-01-03,31,1131.5,4900000236,,UAT.STORES1
UAT-0009,P100,0001,201,2026-02-10,-26,-949,4900000237,CC-P100,UAT.PLANNER1
UAT-0009,P100,0001,201,2026-03-10,-26,-949,4900000238,CC-P100,UAT.PLANNER1
UAT-0009,P100,0001,101,2026-03-03,31,1131.5,4900000239,,UAT.STORES1
UAT-0009,P100,0001,201,2026-04-10,-26,-949,4900000240,CC-P100,UAT.PLANNER1
UAT-0009,P100,0001,201,2026-05-10,-26,-949,4900000241,CC-P100,UAT.PLANNER1
UAT-0009,P100,0001,101,2026-05-03,31,1131.5,4900000242,,UAT.STORES1
UAT-0009,P100,0001,201,2026-06-10,-26,-949,4900000243,CC-P100,UAT.PLANNER1
UAT-0010,P100,0002,201,2025-01-10,-10,-400,4900000244,CC-P100,UAT.PLANNER1
UAT-0010,P100,0002,101,2025-01-03,15,600,4900000245,,UAT.STORES1
UAT-0010,P100,0002,201,2025-02-10,-10,-400,4900000246,CC-P100,UAT.PLANNER1
UAT-0010,P100,0002,201,2025-03-10,-10,-400,4900000247,CC-P100,UAT.PLANNER1
UAT-0010,P100,0002,101,2025-03-03,15,600,4900000248,,UAT.STORES1
UAT-0010,P100,0002,201,2025-04-10,-10,-400,4900000249,CC-P100,UAT.PLANNER1
UAT-0010,P100,0002,201,2025-05-10,-10,-400,4900000250,CC-P100,UAT.PLANNER1
UAT-0010,P100,0002,101,2025-05-03,15,600,4900000251,,UAT.STORES1
UAT-0010,P100,0002,201,2025-06-10,-10,-400,4900000252,CC-P100,UAT.PLANNER1
UAT-0010,P100,0002,201,2025-07-10,-10,-400,4900000253,CC-P100,UAT.PLANNER1
UAT-0010,P100,0002,101,2025-07-03,15,600,4900000254,,UAT.STORES1
UAT-0010,P100,0002,201,2025-08-10,-10,-400,4900000255,CC-P100,UAT.PLANNER1
UAT-0010,P100,0002,201,2025-09-10,-10,-400,4900000256,CC-P100,UAT.PLANNER1
UAT-0010,P100,0002,101,2025-09-03,15,600,4900000257,,UAT.STORES1
UAT-0010,P100,0002,201,2025-10-10,-10,-400,4900000258,CC-P100,UAT.PLANNER1
UAT-0010,P100,0002,201,2025-11-10,-10,-400,4900000259,CC-P100,UAT.PLANNER1
UAT-0010,P100,0002,101,2025-11-03,15,600,4900000260,,UAT.STORES1
UAT-0010,P100,0002,201,2025-12-10,-10,-400,4900000261,CC-P100,UAT.PLANNER1
UAT-0010,P100,0002,201,2026-01-10,-10,-400,4900000262,CC-P100,UAT.PLANNER1
UAT-0010,P100,0002,101,2026-01-03,15,600,4900000263,,UAT.STORES1
UAT-0010,P100,0002,201,2026-02-10,-10,-400,4900000264,CC-P100,UAT.PLANNER1
UAT-0010,P100,0002,201,2026-03-10,-10,-400,4900000265,CC-P100,UAT.PLANNER1
UAT-0010,P100,0002,101,2026-03-03,15,600,4900000266,,UAT.STORES1
UAT-0010,P100,0002,201,2026-04-10,-10,-400,4900000267,CC-P100,UAT.PLANNER1
UAT-0010,P100,0002,201,2026-05-10,-10,-400,4900000268,CC-P100,UAT.PLANNER1
UAT-0010,P100,0002,101,2026-05-03,15,600,4900000269,,UAT.STORES1
UAT-0010,P100,0002,201,2026-06-10,-10,-400,4900000270,CC-P100,UAT.PLANNER1
UAT-0011,P100,0003,201,2025-01-10,-3,-130.5,4900000271,CC-P100,UAT.PLANNER1
UAT-0011,P100,0003,101,2025-01-03,8,348,4900000272,,UAT.STORES1
UAT-0011,P100,0003,201,2025-07-10,-3,-130.5,4900000273,CC-P100,UAT.PLANNER1
UAT-0011,P100,0003,101,2025-07-03,8,348,4900000274,,UAT.STORES1
UAT-0011,P100,0003,201,2026-01-10,-3,-130.5,4900000275,CC-P100,UAT.PLANNER1
UAT-0011,P100,0003,101,2026-01-03,8,348,4900000276,,UAT.STORES1
UAT-0012,P100,0001,201,2025-01-10,-3,-141,4900000277,CC-P100,UAT.PLANNER1
UAT-0012,P100,0001,101,2025-01-03,8,376,4900000278,,UAT.STORES1
UAT-0012,P100,0001,201,2025-07-10,-3,-141,4900000279,CC-P100,UAT.PLANNER1
UAT-0012,P100,0001,101,2025-07-03,8,376,4900000280,,UAT.STORES1
UAT-0012,P100,0001,201,2026-01-10,-3,-141,4900000281,CC-P100,UAT.PLANNER1
UAT-0012,P100,0001,101,2026-01-03,8,376,4900000282,,UAT.STORES1
UAT-0015,P100,0001,201,2025-01-10,-10,-575,4900000283,CC-P100,UAT.PLANNER1
UAT-0015,P100,0001,101,2025-01-03,15,862.5,4900000284,,UAT.STORES1
UAT-0015,P100,0001,201,2025-02-10,-10,-575,4900000285,CC-P100,UAT.PLANNER1
UAT-0015,P100,0001,201,2025-03-10,-10,-575,4900000286,CC-P100,UAT.PLANNER1
UAT-0015,P100,0001,101,2025-03-03,15,862.5,4900000287,,UAT.STORES1
UAT-0015,P100,0001,201,2025-04-10,-10,-575,4900000288,CC-P100,UAT.PLANNER1
UAT-0015,P100,0001,201,2025-05-10,-10,-575,4900000289,CC-P100,UAT.PLANNER1
UAT-0015,P100,0001,101,2025-05-03,15,862.5,4900000290,,UAT.STORES1
UAT-0015,P100,0001,201,2025-06-10,-10,-575,4900000291,CC-P100,UAT.PLANNER1
UAT-0015,P100,0001,201,2025-07-10,-10,-575,4900000292,CC-P100,UAT.PLANNER1
UAT-0015,P100,0001,101,2025-07-03,15,862.5,4900000293,,UAT.STORES1
UAT-0015,P100,0001,201,2025-08-10,-10,-575,4900000294,CC-P100,UAT.PLANNER1
UAT-0015,P100,0001,201,2025-09-10,-10,-575,4900000295,CC-P100,UAT.PLANNER1
UAT-0015,P100,0001,101,2025-09-03,15,862.5,4900000296,,UAT.STORES1
UAT-0015,P100,0001,201,2025-10-10,-10,-575,4900000297,CC-P100,UAT.PLANNER1
UAT-0015,P100,0001,201,2025-11-10,-10,-575,4900000298,CC-P100,UAT.PLANNER1
UAT-0015,P100,0001,101,2025-11-03,15,862.5,4900000299,,UAT.STORES1
UAT-0015,P100,0001,201,2025-12-10,-10,-575,4900000300,CC-P100,UAT.PLANNER1
UAT-0015,P100,0001,201,2026-01-10,-10,-575,4900000301,CC-P100,UAT.PLANNER1
UAT-0015,P100,0001,101,2026-01-03,15,862.5,4900000302,,UAT.STORES1
UAT-0015,P100,0001,201,2026-02-10,-10,-575,4900000303,CC-P100,UAT.PLANNER1
UAT-0015,P100,0001,201,2026-03-10,-10,-575,4900000304,CC-P100,UAT.PLANNER1
UAT-0015,P100,0001,101,2026-03-03,15,862.5,4900000305,,UAT.STORES1
UAT-0015,P100,0001,201,2026-04-10,-10,-575,4900000306,CC-P100,UAT.PLANNER1
UAT-0015,P100,0001,201,2026-05-10,-10,-575,4900000307,CC-P100,UAT.PLANNER1
UAT-0015,P100,0001,101,2026-05-03,15,862.5,4900000308,,UAT.STORES1
UAT-0015,P100,0001,201,2026-06-10,-10,-575,4900000309,CC-P100,UAT.PLANNER1
UAT-0016,P100,0002,201,2025-01-10,-14,-854,4900000310,CC-P100,UAT.PLANNER1
UAT-0016,P100,0002,101,2025-01-03,19,1159,4900000311,,UAT.STORES1
UAT-0016,P100,0002,201,2025-02-10,-14,-854,4900000312,CC-P100,UAT.PLANNER1
UAT-0016,P100,0002,201,2025-03-10,-14,-854,4900000313,CC-P100,UAT.PLANNER1
UAT-0016,P100,0002,101,2025-03-03,19,1159,4900000314,,UAT.STORES1
UAT-0016,P100,0002,201,2025-04-10,-14,-854,4900000315,CC-P100,UAT.PLANNER1
UAT-0016,P100,0002,201,2025-05-10,-14,-854,4900000316,CC-P100,UAT.PLANNER1
UAT-0016,P100,0002,101,2025-05-03,19,1159,4900000317,,UAT.STORES1
UAT-0016,P100,0002,201,2025-06-10,-14,-854,4900000318,CC-P100,UAT.PLANNER1
UAT-0016,P100,0002,201,2025-07-10,-14,-854,4900000319,CC-P100,UAT.PLANNER1
UAT-0016,P100,0002,101,2025-07-03,19,1159,4900000320,,UAT.STORES1
UAT-0016,P100,0002,201,2025-08-10,-14,-854,4900000321,CC-P100,UAT.PLANNER1
UAT-0016,P100,0002,201,2025-09-10,-14,-854,4900000322,CC-P100,UAT.PLANNER1
UAT-0016,P100,0002,101,2025-09-03,19,1159,4900000323,,UAT.STORES1
UAT-0016,P100,0002,201,2025-10-10,-14,-854,4900000324,CC-P100,UAT.PLANNER1
UAT-0016,P100,0002,201,2025-11-10,-14,-854,4900000325,CC-P100,UAT.PLANNER1
UAT-0016,P100,0002,101,2025-11-03,19,1159,4900000326,,UAT.STORES1
UAT-0016,P100,0002,201,2025-12-10,-14,-854,4900000327,CC-P100,UAT.PLANNER1
UAT-0016,P100,0002,201,2026-01-10,-14,-854,4900000328,CC-P100,UAT.PLANNER1
UAT-0016,P100,0002,101,2026-01-03,19,1159,4900000329,,UAT.STORES1
UAT-0016,P100,0002,201,2026-02-10,-14,-854,4900000330,CC-P100,UAT.PLANNER1
UAT-0016,P100,0002,201,2026-03-10,-14,-854,4900000331,CC-P100,UAT.PLANNER1
UAT-0016,P100,0002,101,2026-03-03,19,1159,4900000332,,UAT.STORES1
UAT-0016,P100,0002,201,2026-04-10,-14,-854,4900000333,CC-P100,UAT.PLANNER1
UAT-0016,P100,0002,201,2026-05-10,-14,-854,4900000334,CC-P100,UAT.PLANNER1
UAT-0016,P100,0002,101,2026-05-03,19,1159,4900000335,,UAT.STORES1
UAT-0016,P100,0002,201,2026-06-10,-14,-854,4900000336,CC-P100,UAT.PLANNER1
UAT-0017,P100,0003,201,2025-01-10,-18,-1161,4900000337,CC-P100,UAT.PLANNER1
UAT-0017,P100,0003,101,2025-01-03,23,1483.5,4900000338,,UAT.STORES1
UAT-0017,P100,0003,201,2025-02-10,-18,-1161,4900000339,CC-P100,UAT.PLANNER1
UAT-0017,P100,0003,201,2025-03-10,-18,-1161,4900000340,CC-P100,UAT.PLANNER1
UAT-0017,P100,0003,101,2025-03-03,23,1483.5,4900000341,,UAT.STORES1
UAT-0017,P100,0003,201,2025-04-10,-18,-1161,4900000342,CC-P100,UAT.PLANNER1
UAT-0017,P100,0003,201,2025-05-10,-18,-1161,4900000343,CC-P100,UAT.PLANNER1
UAT-0017,P100,0003,101,2025-05-03,23,1483.5,4900000344,,UAT.STORES1
UAT-0017,P100,0003,201,2025-06-10,-18,-1161,4900000345,CC-P100,UAT.PLANNER1
UAT-0017,P100,0003,201,2025-07-10,-18,-1161,4900000346,CC-P100,UAT.PLANNER1
UAT-0017,P100,0003,101,2025-07-03,23,1483.5,4900000347,,UAT.STORES1
UAT-0017,P100,0003,201,2025-08-10,-18,-1161,4900000348,CC-P100,UAT.PLANNER1
UAT-0017,P100,0003,201,2025-09-10,-18,-1161,4900000349,CC-P100,UAT.PLANNER1
UAT-0017,P100,0003,101,2025-09-03,23,1483.5,4900000350,,UAT.STORES1
UAT-0017,P100,0003,201,2025-10-10,-18,-1161,4900000351,CC-P100,UAT.PLANNER1
UAT-0017,P100,0003,201,2025-11-10,-18,-1161,4900000352,CC-P100,UAT.PLANNER1
UAT-0017,P100,0003,101,2025-11-03,23,1483.5,4900000353,,UAT.STORES1
UAT-0017,P100,0003,201,2025-12-10,-18,-1161,4900000354,CC-P100,UAT.PLANNER1
UAT-0017,P100,0003,201,2026-01-10,-18,-1161,4900000355,CC-P100,UAT.PLANNER1
UAT-0017,P100,0003,101,2026-01-03,23,1483.5,4900000356,,UAT.STORES1
UAT-0017,P100,0003,201,2026-02-10,-18,-1161,4900000357,CC-P100,UAT.PLANNER1
UAT-0017,P100,0003,201,2026-03-10,-18,-1161,4900000358,CC-P100,UAT.PLANNER1
UAT-0017,P100,0003,101,2026-03-03,23,1483.5,4900000359,,UAT.STORES1
UAT-0017,P100,0003,201,2026-04-10,-18,-1161,4900000360,CC-P100,UAT.PLANNER1
UAT-0017,P100,0003,201,2026-05-10,-18,-1161,4900000361,CC-P100,UAT.PLANNER1
UAT-0017,P100,0003,101,2026-05-03,23,1483.5,4900000362,,UAT.STORES1
UAT-0017,P100,0003,201,2026-06-10,-18,-1161,4900000363,CC-P100,UAT.PLANNER1
UAT-0018,P100,0001,201,2025-01-10,-30,-2040,4900000364,CC-P100,UAT.PLANNER1
UAT-0018,P100,0001,101,2025-01-03,35,2380,4900000365,,UAT.STORES1
UAT-0018,P100,0001,201,2025-04-10,-30,-2040,4900000366,CC-P100,UAT.PLANNER1
UAT-0018,P100,0001,201,2025-07-10,-30,-2040,4900000367,CC-P100,UAT.PLANNER1
UAT-0018,P100,0001,101,2025-07-03,35,2380,4900000368,,UAT.STORES1
UAT-0018,P100,0001,201,2025-10-10,-30,-2040,4900000369,CC-P100,UAT.PLANNER1
UAT-0018,P100,0001,201,2026-01-10,-30,-2040,4900000370,CC-P100,UAT.PLANNER1
UAT-0018,P100,0001,101,2026-01-03,35,2380,4900000371,,UAT.STORES1
UAT-0018,P100,0001,201,2026-04-10,-30,-2040,4900000372,CC-P100,UAT.PLANNER1
UAT-0019,P100,0002,201,2025-01-10,-4,-286,4900000373,CC-P100,UAT.PLANNER1
UAT-0019,P100,0002,101,2025-01-03,9,643.5,4900000374,,UAT.STORES1
UAT-0019,P100,0002,201,2025-02-10,-4,-286,4900000375,CC-P100,UAT.PLANNER1
UAT-0019,P100,0002,201,2025-03-10,-6,-429,4900000376,CC-P100,UAT.PLANNER1
UAT-0019,P100,0002,101,2025-03-03,11,786.5,4900000377,,UAT.STORES1
UAT-0019,P100,0002,201,2025-04-10,-10,-715,4900000378,CC-P100,UAT.PLANNER1
UAT-0019,P100,0002,201,2025-05-10,-18,-1287,4900000379,CC-P100,UAT.PLANNER1
UAT-0019,P100,0002,101,2025-05-03,23,1644.5,4900000380,,UAT.STORES1
UAT-0019,P100,0002,201,2025-06-10,-30,-2145,4900000381,CC-P100,UAT.PLANNER1
UAT-0019,P100,0002,201,2025-07-10,-34,-2431,4900000382,CC-P100,UAT.PLANNER1
UAT-0019,P100,0002,101,2025-07-03,39,2788.5,4900000383,,UAT.STORES1
UAT-0019,P100,0002,201,2025-08-10,-30,-2145,4900000384,CC-P100,UAT.PLANNER1
UAT-0019,P100,0002,201,2025-09-10,-18,-1287,4900000385,CC-P100,UAT.PLANNER1
UAT-0019,P100,0002,101,2025-09-03,23,1644.5,4900000386,,UAT.STORES1
UAT-0019,P100,0002,201,2025-10-10,-10,-715,4900000387,CC-P100,UAT.PLANNER1
UAT-0019,P100,0002,201,2025-11-10,-6,-429,4900000388,CC-P100,UAT.PLANNER1
UAT-0019,P100,0002,101,2025-11-03,11,786.5,4900000389,,UAT.STORES1
UAT-0019,P100,0002,201,2025-12-10,-4,-286,4900000390,CC-P100,UAT.PLANNER1
UAT-0019,P100,0002,201,2026-01-10,-4,-286,4900000391,CC-P100,UAT.PLANNER1
UAT-0019,P100,0002,101,2026-01-03,9,643.5,4900000392,,UAT.STORES1
UAT-0019,P100,0002,201,2026-02-10,-4,-286,4900000393,CC-P100,UAT.PLANNER1
UAT-0019,P100,0002,201,2026-03-10,-6,-429,4900000394,CC-P100,UAT.PLANNER1
UAT-0019,P100,0002,101,2026-03-03,11,786.5,4900000395,,UAT.STORES1
UAT-0019,P100,0002,201,2026-04-10,-10,-715,4900000396,CC-P100,UAT.PLANNER1
UAT-0019,P100,0002,201,2026-05-10,-18,-1287,4900000397,CC-P100,UAT.PLANNER1
UAT-0019,P100,0002,101,2026-05-03,23,1644.5,4900000398,,UAT.STORES1
UAT-0019,P100,0002,201,2026-06-10,-30,-2145,4900000399,CC-P100,UAT.PLANNER1
UAT-0020,P100,0003,201,2025-01-10,-10,-750,4900000400,CC-P100,UAT.PLANNER1
UAT-0020,P100,0003,101,2025-01-03,15,1125,4900000401,,UAT.STORES1
UAT-0020,P100,0003,201,2025-02-10,-10,-750,4900000402,CC-P100,UAT.PLANNER1
UAT-0020,P100,0003,202,2025-02-18,5,375,4900000403,CC-P100,UAT.PLANNER1
UAT-0020,P100,0003,201,2025-03-10,-10,-750,4900000404,CC-P100,UAT.PLANNER1
UAT-0020,P100,0003,101,2025-03-03,15,1125,4900000405,,UAT.STORES1
UAT-0020,P100,0003,201,2025-04-10,-10,-750,4900000406,CC-P100,UAT.PLANNER1
UAT-0020,P100,0003,202,2025-04-18,5,375,4900000407,CC-P100,UAT.PLANNER1
UAT-0020,P100,0003,201,2025-05-10,-10,-750,4900000408,CC-P100,UAT.PLANNER1
UAT-0020,P100,0003,101,2025-05-03,15,1125,4900000409,,UAT.STORES1
UAT-0020,P100,0003,201,2025-06-10,-10,-750,4900000410,CC-P100,UAT.PLANNER1
UAT-0020,P100,0003,202,2025-06-18,5,375,4900000411,CC-P100,UAT.PLANNER1
UAT-0020,P100,0003,201,2025-07-10,-10,-750,4900000412,CC-P100,UAT.PLANNER1
UAT-0020,P100,0003,101,2025-07-03,15,1125,4900000413,,UAT.STORES1
UAT-0020,P100,0003,201,2025-08-10,-10,-750,4900000414,CC-P100,UAT.PLANNER1
UAT-0020,P100,0003,202,2025-08-18,5,375,4900000415,CC-P100,UAT.PLANNER1
UAT-0020,P100,0003,201,2025-09-10,-10,-750,4900000416,CC-P100,UAT.PLANNER1
UAT-0020,P100,0003,101,2025-09-03,15,1125,4900000417,,UAT.STORES1
UAT-0020,P100,0003,201,2025-10-10,-10,-750,4900000418,CC-P100,UAT.PLANNER1
UAT-0020,P100,0003,202,2025-10-18,5,375,4900000419,CC-P100,UAT.PLANNER1
UAT-0020,P100,0003,201,2025-11-10,-10,-750,4900000420,CC-P100,UAT.PLANNER1
UAT-0020,P100,0003,101,2025-11-03,15,1125,4900000421,,UAT.STORES1
UAT-0020,P100,0003,201,2025-12-10,-10,-750,4900000422,CC-P100,UAT.PLANNER1
UAT-0020,P100,0003,202,2025-12-18,5,375,4900000423,CC-P100,UAT.PLANNER1
UAT-0020,P100,0003,201,2026-01-10,-10,-750,4900000424,CC-P100,UAT.PLANNER1
UAT-0020,P100,0003,101,2026-01-03,15,1125,4900000425,,UAT.STORES1
UAT-0020,P100,0003,201,2026-02-10,-10,-750,4900000426,CC-P100,UAT.PLANNER1
UAT-0020,P100,0003,202,2026-02-18,5,375,4900000427,CC-P100,UAT.PLANNER1
UAT-0020,P100,0003,201,2026-03-10,-10,-750,4900000428,CC-P100,UAT.PLANNER1
UAT-0020,P100,0003,101,2026-03-03,15,1125,4900000429,,UAT.STORES1
UAT-0020,P100,0003,201,2026-04-10,-10,-750,4900000430,CC-P100,UAT.PLANNER1
UAT-0020,P100,0003,202,2026-04-18,5,375,4900000431,CC-P100,UAT.PLANNER1
UAT-0020,P100,0003,201,2026-05-10,-10,-750,4900000432,CC-P100,UAT.PLANNER1
UAT-0020,P100,0003,101,2026-05-03,15,1125,4900000433,,UAT.STORES1
UAT-0020,P100,0003,201,2026-06-10,-10,-750,4900000434,CC-P100,UAT.PLANNER1
UAT-0020,P100,0003,202,2026-06-18,5,375,4900000435,CC-P100,UAT.PLANNER1
UAT-0022,P200,0002,201,2025-01-10,-18,-1476,4900000436,CC-P200,UAT.PLANNER1
UAT-0022,P200,0002,101,2025-01-03,23,1886,4900000437,,UAT.STORES1
UAT-0022,P200,0002,201,2025-02-10,-18,-1476,4900000438,CC-P200,UAT.PLANNER1
UAT-0022,P200,0002,201,2025-03-10,-18,-1476,4900000439,CC-P200,UAT.PLANNER1
UAT-0022,P200,0002,101,2025-03-03,23,1886,4900000440,,UAT.STORES1
UAT-0022,P200,0002,201,2025-04-10,-18,-1476,4900000441,CC-P200,UAT.PLANNER1
UAT-0022,P200,0002,201,2025-05-10,-18,-1476,4900000442,CC-P200,UAT.PLANNER1
UAT-0022,P200,0002,101,2025-05-03,23,1886,4900000443,,UAT.STORES1
UAT-0022,P200,0002,201,2025-06-10,-18,-1476,4900000444,CC-P200,UAT.PLANNER1
UAT-0022,P200,0002,201,2025-07-10,-18,-1476,4900000445,CC-P200,UAT.PLANNER1
UAT-0022,P200,0002,101,2025-07-03,23,1886,4900000446,,UAT.STORES1
UAT-0022,P200,0002,201,2025-08-10,-18,-1476,4900000447,CC-P200,UAT.PLANNER1
UAT-0022,P200,0002,201,2025-09-10,-18,-1476,4900000448,CC-P200,UAT.PLANNER1
UAT-0022,P200,0002,101,2025-09-03,23,1886,4900000449,,UAT.STORES1
UAT-0022,P200,0002,201,2025-10-10,-18,-1476,4900000450,CC-P200,UAT.PLANNER1
UAT-0022,P200,0002,201,2025-11-10,-18,-1476,4900000451,CC-P200,UAT.PLANNER1
UAT-0022,P200,0002,101,2025-11-03,23,1886,4900000452,,UAT.STORES1
UAT-0022,P200,0002,201,2025-12-10,-18,-1476,4900000453,CC-P200,UAT.PLANNER1
UAT-0022,P200,0002,201,2026-01-10,-18,-1476,4900000454,CC-P200,UAT.PLANNER1
UAT-0022,P200,0002,101,2026-01-03,23,1886,4900000455,,UAT.STORES1
UAT-0022,P200,0002,201,2026-02-10,-18,-1476,4900000456,CC-P200,UAT.PLANNER1
UAT-0022,P200,0002,201,2026-03-10,-18,-1476,4900000457,CC-P200,UAT.PLANNER1
UAT-0022,P200,0002,101,2026-03-03,23,1886,4900000458,,UAT.STORES1
UAT-0022,P200,0002,201,2026-04-10,-18,-1476,4900000459,CC-P200,UAT.PLANNER1
UAT-0022,P200,0002,201,2026-05-10,-18,-1476,4900000460,CC-P200,UAT.PLANNER1
UAT-0022,P200,0002,101,2026-05-03,23,1886,4900000461,,UAT.STORES1
UAT-0022,P200,0002,201,2026-06-10,-18,-1476,4900000462,CC-P200,UAT.PLANNER1
UAT-0021,P100,0001,311,2025-01-20,-50,-500,4900000463,,UAT.STORES2
UAT-0021,P100,0001,311,2025-02-20,-50,-500,4900000464,,UAT.STORES2
UAT-0021,P100,0001,311,2025-03-20,-50,-500,4900000465,,UAT.STORES2
UAT-0021,P100,0001,311,2025-04-20,-50,-500,4900000466,,UAT.STORES2
UAT-0021,P100,0001,311,2025-05-20,-50,-500,4900000467,,UAT.STORES2
UAT-0021,P100,0001,311,2025-06-20,-50,-500,4900000468,,UAT.STORES2
UAT-0021,P100,0001,311,2025-07-20,-50,-500,4900000469,,UAT.STORES2
UAT-0021,P100,0001,311,2025-08-20,-50,-500,4900000470,,UAT.STORES2
UAT-0021,P100,0001,311,2025-09-20,-50,-500,4900000471,,UAT.STORES2
UAT-0021,P100,0001,311,2025-10-20,-50,-500,4900000472,,UAT.STORES2
UAT-0021,P100,0001,311,2025-11-20,-50,-500,4900000473,,UAT.STORES2
UAT-0021,P100,0001,311,2025-12-20,-50,-500,4900000474,,UAT.STORES2
UAT-0021,P100,0001,311,2026-01-20,-50,-500,4900000475,,UAT.STORES2
UAT-0021,P100,0001,311,2026-02-20,-50,-500,4900000476,,UAT.STORES2
UAT-0021,P100,0001,311,2026-03-20,-50,-500,4900000477,,UAT.STORES2
UAT-0021,P100,0001,311,2026-04-20,-50,-500,4900000478,,UAT.STORES2
UAT-0021,P100,0001,311,2026-05-20,-50,-500,4900000479,,UAT.STORES2
UAT-0021,P100,0001,311,2026-06-20,-50,-500,4900000480,,UAT.STORES2
UAT-0001,P100,0002,201,2026-05-10,-14,-119,4900000001,CC-P100,UAT.PLANNER1
